<Ui xmlns="http://www.blizzard.com/wow/ui/" xmlns:xsi="http://www.w3.org/2001/XMLSchema-instance" xsi:schemaLocation="http://www.blizzard.com/wow/ui/FrameXML/UI.xsd">
	
	<Script file="Main.lua"/>
	<Script file="Frame.lua"/>
	<Script file="Button.lua"/>
	<Script file="ToggleButton.lua"/>
	<Script file="DropDown.lua"/>
	<Script file="EditBox.lua"/>
	<Script file="HyperEditBox.lua"/>
	<Script file="ScrollBar.lua"/>
	<Script file="ScrollChild.lua"/>
	<Script file="ScrollItems.lua"/>


</Ui>
