<Ui xmlns="http://www.blizzard.com/wow/ui/" xmlns:xsi="http://www.w3.org/2001/XMLSchema-instance" xsi:schemaLocation="http://www.blizzard.com/wow/ui/">
	<Button name="ZygorDetectorButton" movable="true" parent="TargetFrame" frameStrata="MEDIUM" hidden="false">
		<Size><AbsDimension x="24" y="24"/></Size>
		<Anchors><Anchor point="CENTER" relativePoint="BOTTOMRIGHT"><Offset><AbsDimension x="-105" y="35"/></Offset></Anchor></Anchors>

		<Layers><Layer level="BACKGROUND">
		<Texture name="$parentBack" file="(zglogo-back)" parentKey="back" sublevel="1">
			<Size><AbsDimension x="27" y="27"/></Size>
			<Anchors><Anchor point="CENTER" relativePoint="CENTER"><Offset><AbsDimension x="1" y="1"/></Offset></Anchor></Anchors>
		</Texture>
		<Texture name="$parentOverlay" file="Interface\Minimap\MiniMap-TrackingBorder" sublevel="2">
			<Size><AbsDimension x="52" y="52"/></Size>
			<Anchors><Anchor point="CENTER" relativePoint="CENTER"><Offset><AbsDimension x="11" y="-11"/></Offset></Anchor></Anchors>
		</Texture>
		</Layer></Layers>

		<NormalTexture file="(zglogo)" parentKey="ntx">
			<Anchors><Anchor point="CENTER" relativePoint="CENTER"><Offset><AbsDimension x="1" y="1"/></Offset></Anchor></Anchors>
			<Size><AbsDimension x="29" y="29"/></Size>
			<TexCoords left="0.000" right="1.000" top="0.000" bottom="0.250"/>
		</NormalTexture>

		<PushedTexture file="(zglogo)" parentKey="ptx">
			<Anchors><Anchor point="CENTER" relativePoint="CENTER"><Offset><AbsDimension x="1" y="1"/></Offset></Anchor></Anchors>
			<Size><AbsDimension x="29" y="29"/></Size>
			<TexCoords left="0.000" right="1.000" top="0.250" bottom="0.500"/>
		</PushedTexture>

		<HighlightTexture file="(zglogo)" alphaMode="ADD" parentKey="htx">
			<Anchors><Anchor point="CENTER" relativePoint="CENTER"><Offset><AbsDimension x="1" y="1"/></Offset></Anchor></Anchors>
			<Size><AbsDimension x="29" y="29"/></Size>
			<TexCoords left="0.000" right="1.000" top="0.500" bottom="0.750"/>
		</HighlightTexture>


		<Scripts>
			<OnClick>
				if ZGV.NotificationCenter then self:Hide() return end
				if ZGV.CreatureDetector.DetectedGuides then
					if #ZGV.CreatureDetector.DetectedGuides==1 then
						ZGV:SetGuide(ZGV.CreatureDetector.DetectedGuides[1].title)
					else
						local badIDs = ""
						for i, v in pairs(ZGV.CreatureDetector.DetectedGuides) do
							badIDs = badIDs.." "..(v.condition_end_raw or v.condition_end or v.title_short).." "
						end
						error("Duplicate IDs: "..badIDs)
						-- There is no GuidePicker? ~~ Jeremiah
						ZGV.GuidePicker:NavigateTo("DETECTOR")
					end
				end
			</OnClick>
			<OnDragStart> self:StartMoving() </OnDragStart>
			<OnDragStop> self:StopMovingOrSizing() </OnDragStop>
			<OnHide>
				if ZGV.NotificationCenter then self:Hide() return end
				ZGV.CreatureDetector.DetectedGuides=nil
			</OnHide>
			<OnEvent>
				if ZGV.NotificationCenter then self:Hide() return end
				if event=="PLAYER_TARGET_CHANGED" then
					self:Hide() --Hide unless shown otherwise
					if ZGV.db.profile.detectcreatures
					and (ZGV.guidesets['PetsMountsA'] or ZGV.guidesets['PetsMountsH'])
					then
						ZGV.CreatureDetector:Detect()
					else
						ZGV.CreatureDetector.DetectedGuides=nil
					end

					if ZGV.CreatureDetector.DetectedGuides then
						if ZGV.db.profile.sb_enabled and ZGV.SlideBar then
							local data  = { 
								OnClick = function() self:Click() end, 
								OnEnter = function(button) 
									local position,x,y = ZGV.SlideBar.private.lastConfig.anchor or "top",0,0
									if position=="top" then position="ANCHOR_BOTTOM" y=-5 elseif position=="bottom" then position="ANCHOR_TOP" y=5 end
									if position=="left" then position="ANCHOR_RIGHT" elseif position=="right" then position="ANCHOR_LEFT" end
									ZGV.CreatureDetector:ShowTooltip(button,position,x,y) 
								end,
								OnLeave = function() GameTooltip:Hide() end,
							}
							local texcoords = {self.ntx:GetTexCoord()}

							ZGV.SlideBar.AddButton(self:GetName(),self.ntx:GetTexture(),1,"",nil,nil,data,texcoords)
							ZGV.SlideBar.Capture()
						elseif TargetFrame:IsVisible() then
							self:Show()
						end
					else
						if ZGV.SlideBar then
							ZGV.SlideBar.RemoveButton(self:GetName())
							ZGV.SlideBar.Release()
						elseif TargetFrame:IsVisible() then
							self:Hide()
						end
					end
				end
			</OnEvent>
			<OnLoad>
				if ZGV.NotificationCenter then self:Hide() return end
				self:RegisterForClicks("LeftButtonUp","RightButtonUp")
				self:RegisterForDrag("LeftButton")
				self:RegisterEvent("PLAYER_TARGET_CHANGED")
			</OnLoad>
			<OnEnter>
				if ZGV.NotificationCenter then self:Hide() return end
				ZGV.CreatureDetector:ShowTooltip(self)
			</OnEnter>
			<OnLeave>
				if ZGV.NotificationCenter then self:Hide() return end
				GameTooltip:Hide()
			</OnLeave>
		</Scripts>
	</Button>
</Ui>
