<Ui xmlns="http://www.blizzard.com/wow/ui/" xmlns:xsi="http://www.w3.org/2001/XMLSchema-instance" xsi:schemaLocation="http://www.blizzard.com/wow/ui/ D:\UI.xsd">
	<Script file="MasterFrame.lua" />
	<Frame name="ZygorGuidesViewerFrameMaster" toplevel="true" hidden="false" frameStrata="MEDIUM" parent="UIParent" movable="true" resizable="true" clampedToScreen="true">
		<Anchors><Anchor point="CENTER" relativePoint="CENTER"><Offset x="0" y="0" /></Anchor></Anchors>
		<Size x="40" y="40" />
		<Scripts>
			<OnUpdate function="ZygorGuidesViewerFrameMaster_OnUpdate" />
		</Scripts>
	</Frame>

	<Frame name="ZygorGuidesViewerFrameMasterCreatureViewer" toplevel="true" hidden="false" frameStrata="MEDIUM" parent="UIParent" movable="true" resizable="true" clampedToScreen="true">
		<Anchors><Anchor point="TOPRIGHT" relativeTo="ZygorGuidesViewerFrameMaster" relativePoint="TOPLEFT"><Offset x="0" y="0" /></Anchor></Anchors>
		<Size x="150" y="210"/>
	</Frame>

</Ui>